{
    "1368973195985817600": {
        "greeting_message": "Welcome {mention} to **{servername}**! \ud83c\udf89  \nYou're our {userplace} member!\n\n\ud83d\udc4b Username: **{username}**  \n\ud83d\udd52 Joined at: **{date} {time}**  \n\ud83d\udcc6 Account Created: **{usercreated}**\n\n\ud83e\uddd1\u200d\ud83e\udd1d\u200d\ud83e\uddd1 Users: **{usercount}** / \ud83d\udc65 Total Members: **{membercount}**",
        "channel_ids": [
            1368973635431170188,
            1369685237986234520,
            1369686029560316006
        ],
        "embed_status": true,
        "embed_color": "#ff0000",
        "embed_title": "Welcome to the server!",
        "embed_footer": "welcome to {servername} | {time} | {date}",
        "embed_image": "https://tenor.com/mKYppOckXLd.gif",
        "embed_thumbnail": "{useravatar}",
        "user_mention": true,
        "webhook_name": "{servername} Welcome bot",
        "webhook_avatar": "{servericon}"
    }
}