{
    "1": {
        "id": 1,
        "wallet_name": "main",
        "mnemonic": "parent surface demand trouble regret case problem detail amused repeat hedgehog message tourist verb target dust lady leaf drum movie river wonder inspire post",
        "xpub": "Ltub2a9LtAiMLLJbnRT6Zd8Dx3pXVTgasp2L9pGs6VuLU3Xwmfvzu72ugs5Ym4VbLScq4f7JUC8H6nrr7YAuP8iTKTpY1DV4gurLdxiXJx4z9H8",
        "address": "LMby6ZPspBjM8zVkFENsj9AiSJMM5PdT9v",
        "private_key": "T55vdCqUpHkpSRtVryTLcpaJTUDmBTSEpDjy1NnyztdEBzL8JXs5"
    }
}